Line #,Key,en Version,ka Translation
1,ka.activerecord.models.user,User,მომხმარებელი
2,ka.activerecord.models.category,Category,კატეგორია
3,ka.activerecord.models.organization,Organization,ორგანიზაცია
4,ka.activerecord.models.visualization,Visualization,ვიზუალიზაცია
5,ka.activerecord.models.page,Page,გვერდი
6,ka.activerecord.models.message,Message,შეტყობინება
7,ka.activerecord.models.datasource,Data Source,მონაცემთა წყარო
8,ka.activerecord.models.idea,Idea,იდეა
9,ka.activerecord.models.idea_inappropriate_report,Report,რეპორტი
10,ka.activerecord.models.idea_status,Idea Status,იდეის სტატუსი
11,ka.activerecord.models.idea_progress,Idea Progress,პროგრესი
12,ka.activerecord.attributes.user.email,Email Address,ელ.ფოსტა
13,ka.activerecord.attributes.user.password,Password,პაროლი
14,ka.activerecord.attributes.user.password_confirmation,Password Confirmation,გაიმეორეთ პაროლი
15,ka.activerecord.attributes.user.role,Role,როლი
16,ka.activerecord.attributes.user.remember_me,Remeber Me,დამიმახსოვრე
17,ka.activerecord.attributes.message.name,Name,სახელი
18,ka.activerecord.attributes.message.phone,Phone Number,ტელეფონი ნომერი
19,ka.activerecord.attributes.message.email,Email Address,ელ.ფოსტის მისამართი
20,ka.activerecord.attributes.message.message,Message,შეტყობინება
21,ka.activerecord.attributes.message.what_is_data,Briefly describe the data that you want to visualize,მოკლედ აღწერეთ თქვენთვის სასურველი ვიზუალიზაციის მონაცემები
22,ka.activerecord.attributes.message.why_visualize,Why do you want to visualize this data?,რატომ გსურთ ამ მონაცემების ვიზუალიზაცია?
23,ka.activerecord.attributes.message.datasource,What is the data source?,რა არის მონაცემთა წყარო?
24,ka.activerecord.attributes.message.file,Attach the data file,დაურთეთ მონაცემთა ფაილი
25,ka.activerecord.attributes.message.how_use,Why would you like to use feradi.info to show your visualiations?,რატომ გსურთ feradi.info-ს გამოყენება თქვენი ვიზუალიზაციების გამოსაქვეყნებლად?
26,ka.activerecord.attributes.message.organization,Organization,ორგანიზაცია
27,ka.activerecord.attributes.category.icon,Icon,ხატულა
28,ka.activerecord.attributes.category_translation.name,Name,სახელი
29,ka.activerecord.attributes.organization.logo,Logo,ლოგო
30,ka.activerecord.attributes.organization.url,Website,ვებ-გვერდი
31,ka.activerecord.attributes.organization_translation.name,Name,სახელი
32,ka.activerecord.attributes.organization_translation.bio,About,ჩვენ შესახებ
33,ka.activerecord.attributes.organization_translation.permalink,Name in URL,ბმულის სახელი
34,ka.activerecord.attributes.organization_translation.permalink_hint,"If you want to generate a new URL name, simply delete the text and a new one will be generated when the record is saved.  Make sure you do this for all languages.",თუ გსურთ ბმულის ახალი სახელის შექმნა წაშალეთ არსებული ტექსტი და შეინახეთ ახალი ჩანაწერი. ეს ოპერაცია განახორციელეთ ყველა ენაზე.
35,ka.activerecord.attributes.organization_user.is_active,Active?,აქტიური
36,ka.activerecord.attributes.organization_user.user_id,User,მომხმარებელი
37,ka.activerecord.attributes.organization_user.organization_id,Organization,ორგანიზაცია
38,ka.activerecord.attributes.page.name,Name,სახელი
39,ka.activerecord.attributes.page_translation.title,Title,სათაური
40,ka.activerecord.attributes.page_translation.description,Content,შინაარსი
41,ka.activerecord.attributes.visualization.published_date,Publication Date,გამოქვეყნების თარიღი
42,ka.activerecord.attributes.visualization.published,Release to Public?,გსურთ გამოქვეყნება?
43,ka.activerecord.attributes.visualization.visualization_type_id,Visualization Type,ვიზუალიზაციის ტიპი
44,ka.activerecord.attributes.visualization.individual_votes,Individual Votes,ინდივიდუალური ხმები
45,ka.activerecord.attributes.visualization.overall_votes,Overall Votes,ხმების საერთო რაოდენობა
46,ka.activerecord.attributes.visualization.dataset,Dataset File,მონაცემები
47,ka.activerecord.attributes.visualization.visualization_categories,Categories,კატეგორიები
48,ka.activerecord.attributes.visualization.is_promoted,Promote to Home Page?,მთავარ გვერდზე დაწინაურება?
49,ka.activerecord.attributes.visualization.promoted_at,Date Promoted,დაწინაურების თარიღი
50,ka.activerecord.attributes.visualization_translation.title,Title,სათაური
51,ka.activerecord.attributes.visualization_translation.permalink,Name in URL,ბმულის სახელი
52,ka.activerecord.attributes.visualization_translation.permalink_hint,"If you want to generate a new URL name, simply delete the text and a new one will be generated when the record is saved.  Make sure you do this for all languages.",თუ გსურთ ბმულის ახალი სახელის შექმნა წაშალეთ არსებული ტექსტი და შეინახეთ ახალი ჩანაწერი. ეს ოპერაცია განახორციელეთ ყველა ენაზე.
53,ka.activerecord.attributes.visualization_translation.explanation,Explanation,აღწერა
54,ka.activerecord.attributes.visualization_translation.visualization_text,Text from Visualization,ტექსტი ვიზუალიზაციიდან
55,ka.activerecord.attributes.visualization_translation.visualization_text_hint,Text from the Visual that should be made available to the search engines.,"ტექსტი ვიზუალიზაციიდან, რომელიც ხელმისაწვდომი უნდა იყოს საძიებო სისტემებისთვის."
56,ka.activerecord.attributes.visualization_translation.reporter,"Reporter (Name, Organization)","ჟურნალისტი (სახელი, ორგანიზაცია)"
57,ka.activerecord.attributes.visualization_translation.designer,"Designer (Name, Organization)","დიზაინერი (სახელი, ორგანიზაცია)"
58,ka.activerecord.attributes.visualization_translation.developer,"Developer (Name, Organization)","დეველოპერი (სახელი, ორგანიზაცია)"
59,ka.activerecord.attributes.visualization_translation.interactive_url,URL to Interactive Visualization,ინტერაქტიული ვიზუალიზაციის ბმული
60,ka.activerecord.attributes.image_file.file,Visual File,ვიზუალის ფაილი
61,ka.activerecord.attributes.image_file.reset_crop,Redo the Thumbnail Image,ესკიზის განახლება
62,ka.activerecord.attributes.image_file.reset_file,Load a New File,ახალი ფაილის ჩატვირთვა
63,ka.activerecord.attributes.image_file.reset_url,Retake URL Screenshot,ბმულისთვის სკრინშოტის ხელახლა გადაღება
64,ka.activerecord.attributes.dataset_file.file,Dataset File,მონაცემების ფაილი
65,ka.activerecord.attributes.datasource.name,Name of Data Source,მონაცემთა წყაროს სახელი
66,ka.activerecord.attributes.datasource.url,URL of Data Source,მონაცემთა წყაროს ბმული
67,ka.activerecord.attributes.idea.user_id,User,მომხმარებელი
68,ka.activerecord.attributes.idea.explaination,Explanation,აღწერა
69,ka.activerecord.attributes.idea.created_at,Date,თარიღი
70,ka.activerecord.attributes.idea.individual_votes,Individual Votes,თითოეული ხმა
71,ka.activerecord.attributes.idea.overall_votes,Overall Votes,ხმების სრული რაოდენობა
72,ka.activerecord.attributes.idea.is_duplicate,Duplicate?,დუბლირებული?
73,ka.activerecord.attributes.idea.is_inappropriate,Inappropriate?,არ შეესაბამება
74,ka.activerecord.attributes.idea.is_public,Is Public?,საჯაროა?
75,ka.activerecord.attributes.idea.current_status_id,Current Status,მიმდინარე სტატუსი
76,ka.activerecord.attributes.idea_category.idea_id,Idea,იდეა
77,ka.activerecord.attributes.idea_category.category_id,Category,კატეგორია
78,ka.activerecord.attributes.idea_progress.idea_id,Idea,იდეა
79,ka.activerecord.attributes.idea_progress.organization_id,Organization,ორგანიზაცია
80,ka.activerecord.attributes.idea_progress.is_completed,News Story Completed?,სიახლე დასრულებულია?
81,ka.activerecord.attributes.idea_progress.url,News Story URL,სიახლის ბმული
82,ka.activerecord.attributes.idea_progress.progress_date,Date,თარიღი
83,ka.activerecord.attributes.idea_progress.explaination,Explanation,აღწერა
84,ka.activerecord.attributes.idea_progress.idea_status_id,Status,სტატუსი
85,ka.activerecord.attributes.idea_progress.idea_status,Status,სტატუსი
86,ka.activerecord.attributes.idea_progress.is_public,Is Public?,საჯაროა?
87,ka.activerecord.attributes.idea_inappropriate_report.user_id,User,მომხმარებელი
88,ka.activerecord.attributes.idea_inappropriate_report.idea_id,Idea,იდეა
89,ka.activerecord.attributes.idea_inappropriate_report.reason,Why is Idea Inappropriate?,რატომ არ შეესაბამება იდეა?
90,ka.activerecord.attributes.idea_status.sort,Sort Order,დახარისხება
91,ka.activerecord.attributes.idea_status.sort_hint,"1, 2, 3, etc. (ascending order)","1, 2, 3, etc. (ascending order)"
92,ka.activerecord.attributes.idea_status.is_published,Published?,გამოქვეყნდა?
93,ka.activerecord.attributes.idea_status.is_published_hint,This status indicates that the idea is published,"ეს სტატუსი გამოხატავს, რომ იდეა გამოქვეყნდა"
94,ka.activerecord.attributes.idea_status_translation.name,Name,სახელი
95,ka.activerecord.messages.idea_progress.success,The record was successfully saved.,ჩანაწერები წარმატებით შეინახა.
96,ka.activerecord.errors.messages.published_visual_missing_fields,is required when the visual is published.,"სავალდებულოა, როდესაც ვიზუალი გამოქვეყნდება."
97,ka.activerecord.errors.messages.contact_missing_fields,can't be blank.,არ დატოვოთ ცარიელი
98,ka.activerecord.errors.messages.send_data_missing_fields,can't be blank.,არ დატოვოთ ცარიელი
99,ka.activerecord.errors.messages.submit_visual_missing_fields,can't be blank.,არ დატოვოთ ცარიელი
100,ka.activerecord.errors.messages.required_field,is a required field.,სავალდებულოა
101,ka.activerecord.errors.messages.already_exists,already exists in the database.,უკვე არსებობს მონაცემთა ბაზაში
102,ka.activemodel.errors.models.message.attributes.email.invalid,Please provide an Email Address,ელ.ფოსტის მისამართი არ უნდა იყოს ცარიელი
103,ka.activemodel.errors.models.message.attributes.message.blank,Please provide a Message,შეტყობილების ველი არ უნდა იყოს ცარიელი
104,ka.mailer.closing,"Sincerely,","პატივისცემით,"
105,ka.mailer.signature,feradi.info,feradi.info
106,ka.mailer.unsubscribe,Click here to unsubscribe,გამოწერის გაუქმება
107,ka.mailer.notification.new_user.subject,Welcome to feradi.info!,კეთილი იყოს თქვენი მობრძანება feradi.info-ზე!
108,ka.mailer.notification.new_user.message,Thank you for becoming a member of feradi.info and contributing to colorful news.  You can manage when you would like to receive emails from feradi.info by clicking on the following link.,მადლობას გიხდით feradi.info-ზე გაწევრიანებისთვის. ამით თქვენ ეხმარებით ახალი ფერადი ამბების შექმნას. თქვენ შეგიძლიათ მართოთ feradi.info-სგან მიღებული ელექტრონული წერილები შემდეგი ბმულის საშუალებით.
109,ka.mailer.notification.new_visualization.subject,A new visualization has been added to feradi.info!,feradi.info-ს ახალი ვიზუალიზაცია დაემატა!
110,ka.mailer.notification.new_visualization.message,A new visualization titled '%{title}' has been added.  This is the description of the visual:,ახალი ვიზუალიზაცია სახელად '%{title}' დაემატა. ვიზუალის აღწერა:
111,ka.mailer.notification.new_visualization_needs_promotion.subject,A new visualization has been added to feradi.info and needs review for promotion to the homepage,ახალი ვიზუალიზაცია დაემატა feradi.info-ს და სჭირდება განხილვა მთავარ გვერდზე დასაწინაურებლად
112,ka.mailer.notification.new_visualization_needs_promotion.message,A new visualization titled '%{title}' has been added.  This is the description of the visual:,ახალი ვიზუალიზაცია სახელად '%{title}' დაემატა. ვიზუალის აღწერა:
113,ka.mailer.notification.visualization_comment.subject,Someone has commented on your visualization '%{title}' on feradi.info,feradi.info-ზე თქვენ მიერ განთავსებულ ვიზუალიზაციაზე დატოვა '%{title}' დააკომენტარა.
114,ka.mailer.notification.visualization_comment.message,Please click on the link below to view the comment.,"გთხოვთ, კომენტარის სანახავად მიჰყვეთ შემდეგ ბმულს."
115,ka.mailer.notification.visualization_promoted.subject,Your visualization '%{title}' has been promoted to the front page on feradi.info!,თქვენი ვიზუალიზაცია '%{title}'  დაწინაურდა  feradi.info-ს მთავარ გვერდზე!
116,ka.mailer.notification.visualization_promoted.message,Congratulations!  feradi.info has promoted your visualization to the home page.,გილოცავთ! feradi.info-მ თქვენი ვიზუალიზაცია განათავსა მთავარ გვერდზე.
117,ka.mailer.notification.idea_claimed_owner.subject,%{organization} is interested in your idea!,%{organization} დაინტერესებულია თქვენი იდეით!
118,ka.mailer.notification.idea_claimed_owner.message,%{organization} has expressed interest in writing a story about your idea.  This is what they wrote:,%{organization} გამოეხმაურა თქვენს იდეას.  მათ დაწერეს:
119,ka.mailer.notification.idea_progress_update_owner.subject,%{organization} has updated their progress on your idea,%{organization} თქვენი იდეიის პროგრესი განახლებულია
120,ka.mailer.notification.idea_progress_update_owner.message,%{organization} has made a progress report on your idea.  This is what they wrote:,%{organization} თქვენს იდეაზე მოსაზრება განაახლეს.  მათ დაწერეს:
121,ka.mailer.notification.idea_realized_owner.subject,%{organization} has completed their work on your idea!,%{organization} თქვენს იდეაზე მუშაობა დაასრულეს!
122,ka.mailer.notification.idea_realized_owner.message,%{organization} has published a story about your idea.  This is what they wrote:,%{organization} თქვენი იდეის შესახებ სიახლე გამოაქვეყნეს. მათ დაწერეს:
123,ka.mailer.notification.idea_comment_owner.subject,Someone has commented on your idea,კომენტარი თქვენს იდეაზე
124,ka.mailer.notification.idea_comment_owner.message,Please click on the link below to view the comment.,კომენტარის სანახავად მიყევით ბმულს.
125,ka.mailer.notification.new_idea_subscriber.subject,A new idea has been submitted,დამატებულია ახალია იდეა
126,ka.mailer.notification.new_idea_subscriber.message,This is the new idea:,ახალი იდეა:
127,ka.mailer.notification.idea_claimed_subscriber.subject,%{organization} is interested in an idea you care about,%{organization} ასევე დაინტერესებულია ამ იდეით
128,ka.mailer.notification.idea_claimed_subscriber.message,%{organization} has expressed interest in writing a story on an idea you care about.  This is what they wrote:,"%{organization} გამოეხმაურა იდეას, რომლითაც თქვენ ხართ დაინტერესებული. მათ დაწერეს:"
129,ka.mailer.notification.idea_progress_update_subscriber.subject,%{organization} has updated their progress on an idea you care about,"%{organization} განაახლა პროგრესი იდეაზე, რომლითაც თქვენ ხართ დაინტერესებული. "
130,ka.mailer.notification.idea_progress_update_subscriber.message,%{organization} has made a progress report on an idea you care about.  This is what they wrote:,%{organization} განაახლა გამოხმაურება  იდეაზე რომლითაც თქვენ ხართ დაინტერესებული. მათ დაწერეს:
131,ka.mailer.notification.idea_realized_subscriber.subject,%{organization} has completed their work on an idea you care about!,%{organization} დაასრულა მუშაობა იდეაზე რომლითაც თქვენ ხართ დაინტერესებული!
132,ka.mailer.notification.idea_realized_subscriber.message,%{organization} has published a story about an idea you care about.  This is what they wrote:,"%{organization}გამოაქვეყნა სიახლე იდეაზე, რომლითაც თქვენ ხართ დაინტერესებული. მათ დაწერეს:"
133,ka.mailer.notification.idea_comment_subscriber.subject,Someone has commented on an idea you care about,კომენტარი იდეაზე რომლითაც თქვენ ხართ დაინტერესებული.
134,ka.mailer.notification.idea_comment_subscriber.message,Please click on the link below to view the comment.,ლინკის სანახავად მიყევით ბმულს.
135,ka.mailer.contact.contact_form.subject,feradi.info Contact Form,feradi.info დაგვიკავშირდი
136,ka.mailer.contact.submit_visual.subject,feradi.info Submit Visual Form,feradi.info ვიზუალური ფორმის წარდგენა
137,ka.mailer.contact.send_data.subject,feradi.info Send Data Form,feradi.info მონაცემთა ფორმის გაგზავნა
138,ka.helpers.actions,Actions,აირჩიეთ
139,ka.helpers.links.admin,Admin Section,ადმინისტრატორის განყოფილება
140,ka.helpers.links.edit,Edit,შეცვლა
141,ka.helpers.links.confirm,Are you sure?,დარწმუნებული ხართ?
142,ka.helpers.links.destroy,Delete,წაშლა
143,ka.helpers.links.new,New,ახალი
144,ka.helpers.links.back,View All,იხილეთ სრულად
145,ka.helpers.links.list,View All,იხილეთ სრულად
146,ka.helpers.links.cancel,Cancel,გაუქმება
147,ka.helpers.links.reset,Reset,საწყის კონფიგურაციაზე დაბრუნება
148,ka.helpers.links.sign_in2,Sign In,სისტემაში შესვლა
149,ka.helpers.links.sign_in,Already have an account?,უკვე გაქვთ ანგარიში?
150,ka.helpers.links.sign_up2,Sign Up,რეგისტრაცია
151,ka.helpers.links.sign_up,Don't have an account yet?,არ გაქვთ ანგარიში ჯერ?
152,ka.helpers.links.sign_out,Sign Out,გასვლა
153,ka.helpers.links.website,View Website,ვებ-გვერდის ნახვა
154,ka.helpers.links.forgot_password,Forgot Password?,დაგავიწყდათ პაროლი?
155,ka.helpers.links.password_reset,Send Password Reset Instructions,პაროლის აღდგენის ინსტრუქციის გაგზავნა
156,ka.helpers.links.sign_in_provider,Sign in with %{provider},სისტემაში შესვლა %{provider}
157,ka.helpers.links.download,Download,ჩამოტვირთვა
158,ka.helpers.links.existing_file,View Existing File,არსებული ფაილის ნახვა
159,ka.helpers.links.more,Show More,ვრცლად
160,ka.helpers.links.org_profile,%{org} - Profile,%{org} - გვერდი
161,ka.helpers.links.edit_org,%{org} - Edit,%{org} - რედაქტირება
162,ka.helpers.links.new_visual,%{org} - Add Visualization,%{org} - ატვირთეთ ვიზუალი
163,ka.helpers.links.post_idea,Post Idea,იდეის გამოქვეყნება
164,ka.helpers.links.report_inappropriate,Report Inappropriate Idea,დაარეპორტე შეუსაბამო იდეა
165,ka.helpers.links.follow_idea,Follow,მიყევი
166,ka.helpers.links.unfollow_idea,Unfollow,აღარ მიყვე
167,ka.helpers.links.promote,Promote to Homepage,მთავარ გვერდზე დაწინაურება
168,ka.helpers.links.unpromote,Remove from Homepage,მთავარი გვერდიდან წაშლა
169,ka.helpers.titles.new,New %{model},ახალი %{model}
170,ka.helpers.titles.edit,Edit %{model},შეცვლა %{model}
171,ka.visualization_types.infographic,Infographic,ინფოგრაფიკა
172,ka.visualization_types.interactive,Interactive,ინტერაქტივი
173,ka.visualization_types.fact,Fact,ფაქტი
174,ka.filters.category_default,all,qkhvela
175,ka.filters.visuals.type.header,Type,ტიპი
176,ka.filters.visuals.type.all,All,ყველა
177,ka.filters.visuals.type.infographic,Infographic,ინფოგრაფიკა
178,ka.filters.visuals.type.interactive,Interactive,ინტერაქტივი
179,ka.filters.visuals.type.fact,Fact,ფაქტი
180,ka.filters.visuals.type.not_published,Not Published,გამოუქვეყნებელი
181,ka.filters.visuals.type.not_promoted,Not Promoted,არ დაწინაურდა
182,ka.filters.visuals.view.header,Layout,განლაგება
183,ka.filters.visuals.view.grid,Grid,ბადე
184,ka.filters.visuals.view.list,List,სია
185,ka.filters.visuals.organize.header,Sort,დახარისხება
186,ka.filters.visuals.organize.recent,Recent,ბოლო
187,ka.filters.visuals.organize.likes,Likes,მოწონება
188,ka.filters.visuals.organize.views,Views,ნახვა
189,ka.filters.ideas.view.header,Layout,განლაგება
190,ka.filters.ideas.view.grid,Grid,ბადე
191,ka.filters.ideas.view.list,List,სია
192,ka.filters.ideas.organize.header,Sort,დახარისხება
193,ka.filters.ideas.organize.recent,Recent,ბოლო
194,ka.filters.ideas.organize.likes,Likes,მოწონება
195,ka.filters.ideas.organize.views,Views,ნახვა
196,ka.filters.ideas.filter.header,Filter,გაფილტვრა
197,ka.filters.ideas.filter.all,All,ყველა
198,ka.filters.ideas.filter.not_selected,Not Being Worked On,არ დაწყებულა მუშაობა
199,ka.filters.ideas.filter.in_progress,In Progress,მიმდინარეობს
200,ka.filters.ideas.filter.completed,Completed,განხორციელებული
201,ka.app.language.en,English,English
202,ka.app.language.ka,ქართული,ქართული
203,ka.app.buttons.back,Back,უკან
204,ka.app.buttons.list,View All,იხილეთ სრულად
205,ka.app.buttons.admin,Admin Section,ადმინისტრატორის განყოფილება
206,ka.app.buttons.delete,Delete,წაშლა
207,ka.app.buttons.edit,Edit,შეცვლა
208,ka.app.buttons.show,Show,ჩვენება
209,ka.app.buttons.cancel,Cancel,გაუქმება
210,ka.app.buttons.update,Update,განახლება
211,ka.app.buttons.save,Save,შენახვა
212,ka.app.buttons.create,Create,შექმნა
213,ka.app.buttons.reset,Reset,საწყის კონფიგურაციაზე დაბრუნება
214,ka.app.buttons.remove,Remove,მოშორება
215,ka.app.buttons.confirm,Are you sure?,დარწმუნებული ხართ?
216,ka.app.buttons.new,New,ახალი
217,ka.app.common.app_name,feradi.info,feradi.info
218,ka.app.common.placeholder,placeholder,placeholder
219,ka.app.common.comments,Comments,კომენტარები
220,ka.app.common.comments_noun,Comments,კომენტარი
221,ka.app.common.likes,Likes,მოწონება
222,ka.app.common.like,like,მომწონს
223,ka.app.common.unlike,unlike,აღარ მომწონს
224,ka.app.common.share,Share,გააზიარეთ
225,ka.app.common.not_published,Not Published,გამოუქვეყნებელი
226,ka.app.common.category,Category,კატეგორია
227,ka.app.common.author,Author,ავტორები
228,ka.app.common.rating,Rating,შეფასება
229,ka.app.common.rate_it,Rate It!,შეაფასე!
230,ka.app.common.top_ideas,Top Ideas,ტოპ იდეები
231,ka.app.common.new_ideas,New Ideas,ახალი იდეები
232,ka.app.common.in_progress,In Progress,მიმდინარეობს
233,ka.app.common.realized,Realized Ideas,განხორციელებული იდეები
234,ka.app.common.post_idea,Post Your Idea,გამოაქვეყნე შენი იდეა
235,ka.app.common.search,Search,ძიება
236,ka.app.common.follow_idea,You will now be sent email notifications when updates occur to this idea.,თქვენ მიიღებთ ელექტრონულ შეტყობინებას  იდეისთან დაკავშირებით სიახლეებზე.
237,ka.app.common.follow_idea_bad,The idea could not be found to follow.,იდეა ვერ მოიძებნა
238,ka.app.common.unfollow_idea,You will no longer be sent email notifications when updates occur to this idea.,თქვენ არ მიიღებთ ელექტრონულ შეტყობინებებს სიახლეებზე.
239,ka.app.common.unfollow_idea_bad,The idea could not be found to unfollow.,იდეა ვერ მოიძებნა.
240,ka.app.common.is_private,NOT PUBLIC,არასაჯარო
241,ka.app.common.last_update,Last Update,ბოლო განახლება
242,ka.app.common.is_public_explanation,Idea is public and anyone can see it. Uncheck the box if you want only people from your organization to see it.,"იდეა საჯაროა და მისი ნახვა ყველას შეუძლია. გააუქმეთ მონიშვნა, თუ გსურთ, რომ მას მხოლოდ თქვენი ორგანიზაციის წევრები ხედავდნენ."
243,ka.app.common.article_169,Say No To Article 169. Support Freedom of Expression.,უთხარი “არა” 169-ე მუხლს! მხარი დაუჭირე გამოხატვის თავისუფლებას!
244,ka.app.msgs.does_not_exist,You tried to access a page that does not exist.,"თქვენ ცდილობთ იხილოთ გვერდი, რომელიც არ არსებობს."
245,ka.app.msgs.not_authorized,You are not authorized to view that page.,თქვენ არ გაქვთ უფლება იხილოთ ეს გვერდი.
246,ka.app.msgs.permalink_exists,already exists in the database,უკვე არსებობს მონაცემთა ბაზაში
247,ka.app.msgs.success_created,%{obj} was successfully created.,%{obj} შექმნილია.
248,ka.app.msgs.success_updated,%{obj} was successfully updated.,%{obj} განახლებულია.
249,ka.app.msgs.success_deleted,%{obj} was successfully deleted.,%{obj} წარმატებით წაიშალა.
250,ka.app.msgs.notification_yes,You will be sent notifications.,თქვენ მიიღებთ შეტყობინებებს.
251,ka.app.msgs.notification_no,You will not be sent notifications.,თქვენ არ მიიღებთ შეტყობინებებს.
252,ka.app.msgs.notification_new_visual_all_success,You will recieve a notification whenever a visualization is added.,თქვენ მიიღებთ ვიზუალიზაციის დამატების შეტყობინებას
253,ka.app.msgs.notification_new_visual_none_success,You will not receive any notifications when visualizations are added.,თქვენ არ მიიღებთ ვიზუალიზაციის დამატების შეტყობინებას
254,ka.app.msgs.notification_new_visual_by_category_success,You will receive a notification when a visualization is added to these categories: %{categories}.,თქვენ მიიღებთ  ვიზუალიზაციის შემდეგ კატეგორიებში დამატების შეტყობინებას:%{categories}.
255,ka.app.msgs.notification_new_idea_all_success,You will recieve a notification whenever an idea is added.,თქვენ მიიღებთ შეტყობინებას ყოველი  ახალ იდეის გამოქვეყნების შემდეგ.
256,ka.app.msgs.notification_new_idea_none_success,You will not receive any notifications when ideas are added.,თქვენ არ მიიღებთ შეტყობინებას ყოველი  ახალ იდეის გამოქვეყნების შემდეგ .
257,ka.app.msgs.notification_new_idea_by_category_success,You will receive a notification when an idea is added to these categories: %{categories}.,თქვენ მიიღებთ შეტყობინებას შემდეგი კატეგორიების ამორჩევის შემთხვევაში: %{categories}.
258,ka.app.msgs.notification_visual_comments_yes,You will be sent notifications when a comment is made on %{org} visualizations.,თქვენ მიიღებთ შეტყობინებას თქვენ მიერ განთავსებული ვიზუალიზაციაზე კომენტარის დამატების შესახებ %{org}
259,ka.app.msgs.notification_visual_comments_no,You will not be sent notifications when a comment is made on %{org} visualizations.,თქვენ არ მიიღებთ შეტყობინებას თქვენ მიერ განთავსებული ვიზუალიზაციაზე კომენტარის დამატების შესახებ %{org}.
260,ka.app.msgs.notification_language,You will be sent notifications in %{language}.,თქვენ მიიღებთ შეტყობინებას %{language}.
261,ka.app.msgs.no_visual_records,No visualization records match your selection.,თქვენი მოთხოვნის შესაბამისი ვიზუალიზაცია არ მოიძებნა.
262,ka.app.msgs.no_idea_records,No ideas match your selection.,თქვენი მოთხოვნის შესაბამისი იდეა არ მოიძებნა.
263,ka.app.msgs.visual_promoted,The visualization has been promoted to the home page.,ვიზუალიზაცია დაწინაურდა მთავარ გვერდზე.
264,ka.app.msgs.visual_unpromoted,The visualization will no longer appear on the home page.,ვიზუალიზაცია აღარ გამოჩნდება მთავარ გვერდზე.
265,ka.layouts.application.menu_visual,Visualizations,ვიზუალიზაციები
266,ka.layouts.application.menu_data,Send Data,მონაცემების გაგზავნა
267,ka.layouts.application.menu_idea,Ideas,იდეები
268,ka.layouts.application.menu_submit_visual,Submit Visual,ვიზუალის გაგზავნა
269,ka.layouts.application.menu_about,About,ჩვენ შესახებ
270,ka.layouts.application.menu_contact,Contact,დაგვიკავშირდი
271,ka.layouts.application.admin,Admin,ადმინისტრატორი
272,ka.layouts.application.user_profile,Your Profile,შენი გვერდი
273,ka.layouts.application.notifications,Notifications,შეტყობინებები
274,ka.layouts.application.facebook,Facebook,Facebook
275,ka.layouts.application.twitter,Twitter,Twitter
276,ka.layouts.application.rss,RSS,RSS
277,ka.layouts.application.pinterest,Pinterest,Pinterest
278,ka.layouts.application.subscription,Email Subscription,ელ.ფოსტის გამოწერა
279,ka.layouts.application.sign_out,Sign Out,გასვლა
280,ka.layouts.application.terms,Terms of Service,მომსახურების პირობები
281,ka.layouts.application.js_link_title,Visit JumpStart Georgia's website,ეწვიეთ ჯამპსტარტ ჯორჯიას ვებ-გვერდს
282,ka.layouts.application.js_link_text,Built by,აგებულია
283,ka.layouts.interactive.go_back,go back,უკან დაბრუნება
284,ka.layouts.unsupported_browser.title,Unsupported Browser,არასათანადო ბრაუზერი
285,ka.layouts.unsupported_browser.p1,We are sorry to report that your browser is out of date and will not properly render the content from this website.,სამწუხაროდ თქვენი ინტერნეტ ბრაუზერის მოხმარების ვადა გასულია და ვერ მოხდება ვებ-გვერდთან სრულად დაკავშირება.
286,ka.layouts.unsupported_browser.p2,"On the bright side, there are several free browsers that you can download that are compatible with this site.",არსებობს რამდენიმე უფასო ბრაუზერი რომელის გადმოწერის შემდეგ შეძლებთ ვებ-გვერდით სარგებლობას.
287,ka.layouts.unsupported_browser.chrome,Chrome,Chrome
288,ka.layouts.unsupported_browser.firefox,Firefox,Firefox
289,ka.layouts.unsupported_browser.ie,Internet Explorer (Windows only),Internet Explorer (მხოლოდ Windows-ზე)
290,ka.layouts.unsupported_browser.opera,Opera,Opera
291,ka.layouts.unsupported_browser.Safari,Safari,Safari
292,ka.layouts.unsupported_browser.admin,Admin,ადმინისტრატორი
293,ka.layouts.unsupported_browser.sign_out,Sign Out,გასვლა
294,ka.layouts.unsupported_browser.terms,Terms of Service,მომსახურების პირობები
295,ka.layouts.unsupported_browser.js_link_title,Visit JumpStart Georgia's website,ეწვიეთ ჯამპსტარტ ჯორჯიას ვებ-გვერდს
296,ka.layouts.unsupported_browser.js_link_text,Built by,აგებულია
297,ka.admin.index.title,Administration Section,ადმინისტრატორის განყოფილება
298,ka.admin.index.categories,Categories,კატეგორიები
299,ka.admin.index.organizations,Organizations,ორგანიზაციები
300,ka.admin.index.visualizations,Visualizations,ვიზუალიზაციები
301,ka.admin.index.users,Users,მომხმარებლები
302,ka.admin.index.pages,Pages,გვერდები
303,ka.admin.index.idea_statuses,Idea Status,იდეის სტატუსი
304,ka.admin.users.edit.title,Editing User,ცვლილებების შეტანა მომხმარებლის გვერდზე
305,ka.admin.users.index.title,Users,მომხმარებლები
306,ka.admin.users.new.title,New User,ახალი მომხმარებელი
307,ka.admin.users.show.title,User Details,მომხმარებლის დეტალები
308,ka.root.index.title,Visualizations,ვიზუალიზაციები
309,ka.root.index.header_get_involved,Get Involved!,ჩაერთეთ!
310,ka.root.index.header_ideas,Ideas,იდეები
311,ka.root.index.header_visuals,Visuals,ვიზუალები
312,ka.root.index.header_data,Data,მონაცემები
313,ka.root.index.text_get_involved,"If you are passionate about exploring and visualizing data, or just have interesting questions that we could answer visually, then get involved!","თუ ხართ დაინტერესებული მონაცემთა შესწავლითა და ვიზუალიზაციით, ან გაქვთ საინტერესო კითხვები, რომელზეც შეგვიძლია, ვიზუალურად გამოსახული პასუხი გაგცეთ, შემოგვიერთდით!"
314,ka.root.index.text_ideas,"Have an idea for a news story? Wish the media would report on an issue that is important to you? Post your idea here. If it is a good one, chances are, a journalist will work on it.","გაქვთ იდეა ახალი ამბისთვის? გსურთ, მედიამ გააშუქოს თქვენთვის საინტერესო საკითხი? გამოაქვეყნეთ თქვენი იდეა აქ. თუ იდეა კარგია, დიდი შანსია, ჟურნალისტმა მასზე იმუშაოს."
315,ka.root.index.text_visuals,You too can contribute your visual ideas. Go ahead and register with us and begin posting your visuals under your or your organization’s name!,"თქვენც შეგიძლიათ გამოსახოთ თქვენი იდეები ვიზუალურად. დარეგისტრირდით, შექმენით და გაგვიზიარეთ ვიზუალიზაციები თქვენი ან თქვენი ორგანიზაციის სახელით."
316,ka.root.index.text_data,"If you or your organization possess data that you think is of social interest and you would like someone to visualize it, please send us your data. ","თუ თქვენ ან თქვენი ორგანიზაცია ფლობთ საზოგადოებისთვის საინტერესო მონაცემებს და გსურთ მათი ვიზუალიზაცია, გთხოვთ, გამოგვიგზავნეთ მონაცემები."
317,ka.root.index.button_ideas,Post Idea,იდეის გამოქვეყნება
318,ka.root.index.button_visuals,Register,რეგისტრაცია
319,ka.root.index.button_data,Send Data,მონაცემების გაგზავნა
320,ka.root.about.title,About,ჩვენ შესახებ
321,ka.root.about.meta_description,"Visualization provides a unique perspective on data. We seek out data from a variety of organizations, both public and private. We make information colourful by visualizing stories using a variety of tools.	We publish these visualizations on our website, make them freely available for others to use, share them with you, and hope you share them with others.","ვიზუალიზაცია მონაცემებს უნიკალურ პერსპექტივას ანიჭებს. ჩვენ ვეძებთ მონაცემებს სხვადასხვა საჯარო და კერძო ორგანიზაციებში. ჩვენ ვაფერადებთ ინფორმაციას ამბების სხვადასხვა ხერხების გამოყენებით ვიზუალურად გამოსახვით. ჩვენ ვაქვეყნებთ ამ ვიზუალიზაციებს ჩვენს ვებ-საიტზე და ვხდით მათ ხელმისაწვდომს, ვიზიარებთ მას თქვენთან და ვიმედოვნებთ თქვენც გაუზიარებთ მას სხვებს."
322,ka.root.data.title,Send Data,მონაცემების გაგზავნა
323,ka.root.data.meta_description,"Do you have data that you would like to see visualized, but do not have the time or skills? Share your data here! If it is interesting, there is a good chance someone will use it, which means you can then reuse their visualization. By sharing with the community, you are becoming part of something larger in which everyone involved benefits.","ფლობთ მონაცემებს და გსურთ მათი ვიზუალიზაცია, თუმცა არ გაქვთ საკმარისი დრო ან ტექნიკური ცოდნა? გაგვიზიარეთ თქვენი მონაცემები აქ. თუ ეს მონაცემები საინტერესო აღმოჩნდება, ჩვენ გამოვსახავთ მათ ვიზუალურად და ამ ვიზუალიზაციის გამოყენებას შეძლებთ თქვენც. მონაცემების გაზიარებით თქვენ ხდებით ერთი დიდი საზოგადოების წევრი, სადაც ყველა წევრი რჩება მოგებული."
324,ka.root.data.message_sent,Your message has been sent! Thank you for contacting us.,თქვენი შეტყობინება გაგზავნილია! მადლობა რომ დაგვიკავშირდით.
325,ka.root.data.send,Send,გაგზავნა
326,ka.root.data.name,Name,სახელი
327,ka.root.data.phone,Phone Number,ტელეფონის ნომერი
328,ka.root.data.email,Email Address,ელ.ფოსტის მისამართი
329,ka.root.data.what_is_data,Briefly describe the data that you want to visualize,მოკლედ აღწერეთ თქვენთვის სასურველი ვიზუალიზაციის მონაცემები
330,ka.root.data.why_visualize,Why do you want to visualize this data?,რატომ გსურთ ამ მონაცემების ვიზუალიზაცია?
331,ka.root.data.datasource,What is the data source?,რა არის მონაცემთა წყარო?
332,ka.root.data.file,Attach the data file,დაურთეთ მონაცემთა ფაილი
333,ka.root.data.email_us,Send us an email,მოგვწერეთ ელ. წერილი
334,ka.root.data.email_subject,feradi.info Send Data Request,feradi.info მონაცემთა მოთხოვნის გაგზავნა
335,ka.root.submit_visual.title,Submit a Visual,ვიზუალის გაგზავნა
336,ka.root.submit_visual.message_sent,Your message has been sent! Thank you for contacting us.,თქვენი შეტყობინება გაგზავნილია! მადლობა რომ დაგვიკავშირდით.
337,ka.root.submit_visual.send,Send,გაგზავნა
338,ka.root.submit_visual.name,Name,სახელი
339,ka.root.submit_visual.phone,Phone Number,ტელეფონის ნომერი
340,ka.root.submit_visual.email,Email Address,ელ.ფოსტის მისამართი
341,ka.root.submit_visual.how_use,Why would you like to use feradi.info to post your visualiations?,რატომ გსურთ თქვენი მონაცემების feradi.info-ს საშუალებით ვიზუალიზაცია?
342,ka.root.submit_visual.email_us,Send us an email,მოგვწერეთ ელ.წერილი
343,ka.root.submit_visual.email_subject,feradi.info Submit Visual Request,feradi.info წარადგინეთ ვიზუალზე მოთხოვნა
344,ka.root.terms.title,Terms of Service,მომსახურების პირობები
345,ka.root.rss.title,RSS,RSS
346,ka.root.contact.title,Contact Us,დაგვიკავშირდით
347,ka.root.contact.meta_description,"If you are interested in visualizing data, but do not know how to do it, get in touch with us. We would love to invite you to our office, share our knowledge and experience, and welcome you to data visualization community!","თუ ხართ დაინტერესებული მონაცემთა ვიზუალიზაციით, მაგრამ არ იცით, როგორ გააკეთოთ ეს, დაგვიკავშირდით. მობრძანდით ჩვენს ოფისში, რათა გაგიზიაროთ ჩვენი ცოდნა და გამოცდილება და გახდით მონაცემთა ვიზუალიზაციის მოყვარულთა საზოგადოების ნაწილი."
348,ka.root.contact.message_sent,Your message has been sent! Thank you for contacting us.,თქვენი შეტყობინება გაგზავნილია! მადლობა რომ დაგვიკავშირდით.
349,ka.root.contact.send,Send,გაგზავნა
350,ka.root.contact.name,Name,სახელი
351,ka.root.contact.email,Email Address,ელ.ფოსტის მისამართი
352,ka.root.contact.message,Message,შეტყობინება
353,ka.root.contact.address_map,Find our office on the map,მოძებნეთ ჩვენი ოფისი რუკაზე
354,ka.root.contact.email_us,Send us an email,გამოგვიგზავნეთ ელექტრონული წერილი
355,ka.root.contact.email_subject,feradi.info Contact Form,feradi.info საკონტაქტო ფორმა
356,ka.root.contact.address,"#5 Shevchenko St, Apt 2, 0108, Tbilisi, Georgia","შევჩენკოს ქ. 5, ბინა 2, 0108 თბილისი, საქართველო"
357,ka.root.contact.error_title,An error has occurred,დაფიქსირდა შეცდომა
358,ka.visuals.index.title,Visualizations,ვიზუალიზაციები
359,ka.visuals.index.title_feed,%{app_name} Visualizations,%{app_name} ვიზუალიზაციები
360,ka.shared.visuals_show.organization,Organization,ორგანიზაცია
361,ka.shared.visuals_show.reporter,Reporter,ჟურნალისტი
362,ka.shared.visuals_show.designer,Designer,დიზაინერი
363,ka.shared.visuals_show.developer,Developer,დეველოპერი
364,ka.shared.visuals_show.data_source,Data Source,მონაცემთა წყარო
365,ka.shared.visuals_show.data_set,Data Set,მონაცემები
366,ka.shared.visuals_show.type,Type,ტიპი
367,ka.shared.visuals_show.embed,Embed,ჩასასმელი კოდი
368,ka.shared.visuals_show.embed_link_title,Click to view larger image,დიდი გამოსახულების სანახავად დააჭირეთ
369,ka.shared.visuals_show.embed_link_interactive_title,Click to view interactive visualization,ინტერაქტიული ვიზუალიზაციის სანახავად დააჭირეთ
370,ka.shared.visuals_show.comment_count,Comments,კომენტარები
371,ka.shared.visuals_filter_bar.categories,Categories,კატეგორიები
372,ka.shared.ideas_list.no_ideas,No Idea records were found.,იდეა არ მოიძებნა.
373,ka.shared.ideas_list.idea_title,Idea #%{number},იდეა #%{number}
374,ka.shared.ideas_grid.idea_title,Idea #%{number},იდეა #%{number}
375,ka.shared.ideas_form.sign_in,Sign In to Post,გაიარეთ ავტორიზაცია
376,ka.visualizations.form.preview,Preview,ნახვა
377,ka.visualizations.form.crop_image,Create %{language} Thumbnail Image,ესკიზის %{language} შექმნა
378,ka.visualizations.form.reset_file,Load New %{language} Infographic,ჩატვირთე ახალი %{language} ინფოგრაფიკა
379,ka.visualizations.form.reset_url,Load New %{language} URL,ჩატვირთე ახალი %{language} ბმული
380,ka.visualizations.form.datasources_header,Data Sources,მონაცემთა წყაროები
381,ka.visualizations.form.add_datasource,Add Data Source,მონაცემთა წყაროს დამატება
382,ka.visualizations.datasource_fields.remove_link,Remove Data Source,მონაცემთა წყაროს წაშლა
383,ka.notifications.index.title,Notifications,შეტყობინებები
384,ka.notifications.index.explain,You can recieve email notifications whenever a visualization is added to feradi.info.  Simply sign in via Facebook or sign up with feradi.info to subscribe.,თქვენ მიიღებთ ვიზუალიზაციის  feradi.info-ზე დამატების შეტყობინებას ელ. წერილის სახით. სისტემაში შესვლა შეტყობინებების გამოსაწერად ხდება Facebook-ის ან feradi.info-ზე რეგისტრაციის გავლის მეშვეობით.
385,ka.notifications.index.all_sub_title,All Notifications,ყველა შეტყობინება
386,ka.notifications.index.all_label,Do you want to recieve any notifications from this site?,გინდათ მიიღოთ შეტყობინება საიტიდან?
387,ka.notifications.index.all_no,"No, do not send me any notifications.",არ გამომიგზავნო შეტყობინება.
388,ka.notifications.index.all_yes,"Yes, I want notifications sent to me.","დიახ, მინდა მივიღო შეტყობინებები."
389,ka.notifications.index.visual_comment_sub_title,New Visualization Comment Notifications for %{org},ახალ ვიზუალიზაციაზე კომენტარის დატოვების შეტყობინება %{org}
390,ka.notifications.index.visual_comment_label,Do you want to recieve notifications when a comment is made to your organization's visualizations?,გსურთ მიიღოთ თქვენი ორგანიზაციის ვიზუალიზაციაზე დატოვებული კომენტარის შეტყობინება?
391,ka.notifications.index.visual_comment_no,"No, do not send me any notifications.",არ გამომიგზავნო შეტყობინება.
392,ka.notifications.index.visual_comment_yes,"Yes, I want notifications sent to me.","დიახ, მინდა მივიღო შეტყობინებები."
393,ka.notifications.index.new_visuals_sub_title,New Visualization Notifications,ახალი ვიზუალიზაციის შეტყობინება
394,ka.notifications.index.new_visuals_all,Notify me when any visualization is added.,შემატყობინე ახალი ვიზუალიზაციის დამატება.
395,ka.notifications.index.new_visuals_none,I do not want to receive notifications when a new visualization is added.,არ შემატყობინოთ ახალი ვიზუალიზაციის დამატება.
396,ka.notifications.index.new_visuals_by_category,Notify me when a visualization is added to:,შემატყობინე ვიზუალიზაციის დამატება:
397,ka.notifications.index.new_ideas_sub_title,New Idea Notifications,ახალი იდეის შეტყობინება
398,ka.notifications.index.new_ideas_all,Notify me when any idea is added.,შემატყობინე ახალი იდეის დამატება
399,ka.notifications.index.new_ideas_none,I do not want to receive notifications when a new idea is added.,არ შემატყობინო ახალი იდეის დამატება.
400,ka.notifications.index.new_ideas_by_category,Notify me when an idea is added to:,შემატყობინე როდესაც იდეა დაემატება:
401,ka.notifications.index.language_sub_title,Notification Language,შეტყობინების ენა
402,ka.notifications.index.language_label,In what language do you want to receive the notifications?,რომელ ენაზე გსურთ შეტყობინების მიღება?
403,ka.ideas.index.title,Post Ideas,იდეების გამოქვეყნება
404,ka.ideas.index.meta_description,"Have an idea for a news story? Wish the media would report on an issue that is important to you? Don't have the time or skills to do it yourself? Post your idea here. If it is a good one, chances are, a journalist will work on it.","გაქვთ იდეა ახალი ამბისთვის? გსურთ, მედიამ გააშუქოს თქვენთვის საინტერესო საკითხი? არ გაქვთ დრო ან საჭირო ცოდნა, თვითონ გააკეთოთ ეს? გამოაქვეყნეთ თქვენი იდეა აქ. თუ იდეა კარგია, დიდი შანსია, ჟურნალისტმა მასზე იმუშაოს."
405,ka.ideas.index.text_ideas1,"Have an idea for a news story? Wish the media would report on an issue that is important to you? Don't have the time or skills to do it yourself? Post your idea here. If it is a good one, chances are, a journalist will work on it.","გაქვთ იდეა ახალი ამბისთვის? გსურთ, მედიამ გააშუქოს თქვენთვის საინტერესო საკითხი? არ გაქვთ დრო ან საჭირო ცოდნა, თვითონ გააკეთოთ ეს? გამოაქვეყნეთ თქვენი იდეა აქ. თუ იდეა კარგია, დიდი შანსია, ჟურნალისტმა მასზე იმუშაოს."
406,ka.ideas.index.text_ideas2,"feradi.info makes your ideas social, allowing missed opportunities to become a treasure trove of journalistic brainstorming. Post, vote, share, and watch how ideas take shape and become the news.","feradi.info თქვენს იდეებს სოციალურს ხდის და საშუალებას აძლევს, ჟურნალისტური საქმიანობის განძად იქცეს. გამოაქვეყნეთ, შეაფასეთ, გააზიარეთ თქვენი იდეა და თვალყური მიადევნეთ, როგორ გარდაიქმნება იგი ახალ ამბად."
407,ka.ideas.index.sign_in,Sign In to Post,გაიარეთ ავტორიზაცია
408,ka.ideas.user.title,Ideas by: %{name},%{name} იდეა
409,ka.ideas.category.title,Category: %{name},კატეგორია: %{name}
410,ka.ideas.explore.title,Explore Ideas,აღმოაცინე იდეა
411,ka.ideas.show.title,Idea #%{number},იდეა #%{number}
412,ka.ideas.show.idea_by,Idea by %{name},%{name}-ის იდეა
413,ka.ideas.show.claimed_by,Idea Being Worked On,იდეაზე მუშაობა დაიწყო
414,ka.ideas.show.finished,Finished,დასრულებული
415,ka.ideas.show.news_url,View Story,იხილე ამბავი
416,ka.ideas.show.take_ownership,Work on Idea (%{org}),დაიწყე მუშაობა იდეაზე (%{org})
417,ka.ideas.show.progress_update,Add,დამატება
418,ka.ideas.show.edit_progress,Edit,შეცვლა
419,ka.ideas.show.translate_idea,Translate the Idea,იდეის თარგმნა
420,ka.ideas.show.translate_org_progress,Translate the Text,ტექსტის თარგმნა
421,ka.ideas.show.inappropriate_idea,This idea has been reported as inappropriate and is no longer available.,იდეა არ მოიძებნა.
422,ka.ideas.show.status,Status,სტატუსი
423,ka.ideas.search.title,Search: %{q},ძებნა: %{q}
424,ka.ideas.edit.title,Edit Idea #%{number},იდეის რედაქტირება  #%{number}
425,ka.ideas.progress.form.title_claim,Claim Idea,იდეაზე პასუხისმგებლობა
426,ka.ideas.progress.form.title_progress_update,Progress Update,პროგრესი
427,ka.ideas.progress.form.title_edit_progress,Edit Progress,პროგრესის ცვლილება
428,ka.ideas.progress.form.title_error,Error,შეცდომა
429,ka.ideas.progress.form.error,The requested Idea and/or Organization could not be found.,იდეა/ორგანიზაცია არ მოიძებნა
430,ka.ideas.report.form.title_old,Report Inappropriate Idea,განაცხადე იდეის შესახებ
431,ka.ideas.report.form.title,What is the reason for the report?,რა არის შეტყობინების მიზეზი?
432,ka.ideas.report.form.inappropriate,Inappropriate Content,შეურაცხმყოფელი შინაარსი
433,ka.ideas.report.form.duplicate,Duplicate Idea,გამეორებული შინაარსი
434,ka.ideas.report.form.duplicate_reason,Which idea is this a duplicate of? (Provide URL),რომელი იდეის შინაარსია აქ გამეორებული? (ჩასვით ბმული) 
435,ka.ideas.report.form.success,The Idea hs been reported.,იდეა დარეპორტდა.
